A00004,A,0.6659466028213501
A00006,N,0.8684089183807373
A00012,O,0.7757326364517212
A00013,O,0.6960543990135193
A00017,O,0.5231347680091858
A00020,O,0.8250767588615417
A00022,~,0.913115918636322
A00024,N,0.9066045880317688
A00026,N,0.916164755821228
A00041,O,0.5309655666351318
A00042,N,0.8116307258605957
A00046,N,0.9317354559898376
A00052,N,0.9154300093650818
A00054,A,0.8949019908905029
A00058,O,0.8171831369400024
A00062,N,0.9112247824668884
A00063,N,0.7076424956321716
A00068,N,0.9849020838737488
A00071,A,0.9140704274177551
A00073,N,0.7041869759559631
A00074,O,0.9854242205619812
A00081,N,0.9253882169723511
A00082,O,0.5498531460762024
A00086,N,0.9460224509239197
A00087,A,0.9224099516868591
A00089,N,0.6215474605560303
A00091,N,0.9329118132591248
A00092,O,0.6435831785202026
A00098,N,0.8861913084983826
A00099,N,0.9359194040298462
A00105,N,0.9758736491203308
A00107,O,0.7241507172584534
A00112,N,0.8718786835670471
A00116,N,0.8776787519454956
A00118,O,0.6284677386283875
A00126,A,0.7416291832923889
A00130,N,0.9165067076683044
A00133,O,0.6540566682815552
A00137,A,0.9587686061859131
A00138,O,0.9183771014213562
A00139,~,0.8483493328094482
A00140,N,0.8772741556167603
A00145,O,0.9976219534873962
A00147,N,0.9483615756034851
A00151,N,0.943433940410614
A00154,N,0.9167641997337341
A00157,N,0.9574794769287109
A00161,N,0.8614675402641296
A00165,O,0.5255377888679504
A00166,N,0.9264693260192871
A00170,O,0.8006864786148071
A00171,N,0.9484543204307556
A00178,N,0.7189427614212036
A00190,N,0.8473648428916931
A00194,N,0.9153797626495361
A00199,N,0.9004082083702087
A00200,N,0.9296579957008362
A00201,~,0.9061217904090881
A00206,N,0.9319114089012146
A00207,N,0.9451080560684204
A00208,A,0.8724700212478638
A00215,O,0.7090210318565369
A00217,A,0.5479918122291565
A00219,N,0.8981647491455078
A00222,O,0.5891749858856201
A00231,A,0.9652971625328064
A00233,N,0.9429961442947388
A00234,O,0.9095444083213806
A00235,N,0.8910083174705505
A00237,N,0.5652744770050049
A00246,O,0.9451969861984253
A00247,O,0.635350227355957
A00251,O,0.73089998960495
A00252,O,0.975487470626831
A00253,A,0.8722027540206909
A00254,N,0.9464680552482605
A00256,N,0.9509283900260925
A00258,N,0.7243889570236206
A00259,O,0.7477374076843262
A00260,O,0.9207985401153564
A00264,A,0.7316834926605225
A00265,N,0.9289606809616089
A00266,N,0.9206374287605286
A00274,N,0.9312061071395874
A00279,N,0.9386637806892395
A00283,O,0.8481624126434326
A00285,N,0.935753583908081
A00287,O,0.6845539808273315
A00289,N,0.9458625316619873
A00291,O,0.724912166595459
A00292,N,0.8789061307907104
A00298,O,0.9957233667373657
A00302,N,0.9359656572341919
A00305,N,0.6328030228614807
A00308,O,0.902084469795227
A00311,N,0.9117598533630371
A00312,N,0.9198223948478699
A00316,N,0.9257784485816956
A00317,O,0.8959465622901917
A00320,N,0.9066563844680786
A00321,O,0.6477447748184204
A00322,N,0.9366993308067322
A00323,N,0.8269821405410767
A00325,O,0.9854551553726196
A00327,O,0.9936654567718506
A00328,N,0.8392399549484253
A00332,N,0.8791794180870056
A00333,N,0.9042356014251709
A00339,N,0.9482994675636292
A00341,N,0.6035832166671753
A00344,O,0.976925253868103
A00348,A,0.8450745344161987
A00350,N,0.94146728515625
A00360,N,0.692246675491333
A00365,N,0.9405321478843689
A00368,N,0.6923441886901855
A00371,N,0.9420775771141052
A00375,A,0.9523212313652039
A00378,N,0.9293126463890076
A00382,N,0.8879153728485107
A00384,O,0.9745895266532898
A00390,N,0.7657023668289185
A00395,A,0.9923294186592102
A00398,N,0.9454197287559509
A00403,N,0.8584415316581726
A00406,O,0.9997707009315491
A00409,N,0.9498858451843262
A00410,N,0.810602068901062
A00416,N,0.9095106720924377
A00417,N,0.8067004680633545
A00418,N,0.9321638941764832
A00421,O,0.693173885345459
A00429,N,0.8746901154518127
A00439,O,0.6146337985992432
A00441,A,0.8947949409484863
A00444,N,0.5247818231582642
A00447,N,0.8453203439712524
A00448,N,0.8405995965003967
A00449,N,0.8002548813819885
A00452,N,0.7334715723991394
A00453,O,0.8023520708084106
A00456,A,0.9431841373443604
A00458,O,0.5001882314682007
A00466,O,0.9040427207946777
A00472,N,0.9033436179161072
A00475,N,0.8650363683700562
A00481,N,0.8357374668121338
A00483,N,0.9388211369514465
A00487,N,0.9548608064651489
A00489,N,0.9751116037368774
A00492,O,0.8682140707969666
A00493,O,0.9976244568824768
A00496,N,0.9424593448638916
A00497,~,0.911910355091095
A00501,N,0.9163837432861328
A00509,A,0.9404008388519287
A00526,O,0.4750427007675171
A00528,N,0.7882553339004517
A00533,O,0.9868905544281006
A00538,N,0.943109393119812
A00546,N,0.9412158727645874
A00552,N,0.8455162048339844
A00556,O,0.8768439292907715
A00557,O,0.8039463758468628
A00559,O,0.9140868782997131
A00561,O,0.954788327217102
A00564,O,0.5919189453125
A00570,N,0.6669811010360718
A00575,N,0.9356644749641418
A00577,O,0.9976772665977478
A00579,N,0.6595937013626099
A00582,N,0.9491479992866516
A00583,O,0.7243283987045288
A00590,O,0.8401265144348145
A00595,O,0.5560021996498108
A00596,N,0.8157903552055359
A00598,~,0.8652014136314392
A00602,N,0.9644583463668823
A00615,N,0.8696619868278503
A00620,N,0.5689842700958252
A00623,O,0.8161506652832031
A00627,N,0.8285725116729736
A00629,N,0.6438433527946472
A00632,N,0.8693024516105652
A00638,O,0.9570749402046204
A00644,N,0.9442204236984253
A00645,N,0.7851741313934326
A00650,O,0.96082603931427
A00654,N,0.8124330043792725
A00656,O,0.9782388806343079
A00659,N,0.8918952345848083
A00660,A,0.35722577571868896
A00661,N,0.943676233291626
A00662,A,0.7714851498603821
A00664,O,0.914020299911499
A00670,A,0.7938666343688965
A00671,N,0.9497168660163879
A00672,N,0.918644905090332
A00674,O,0.965129554271698
A00675,O,0.7179617285728455
A00676,N,0.899705171585083
A00679,O,0.9968401193618774
A00681,N,0.858230471611023
A00682,N,0.9083513021469116
A00684,O,0.4326614439487457
A00685,N,0.7395561933517456
A00688,O,0.7175180912017822
A00690,O,0.8304075002670288
A00691,A,0.6472647786140442
A00698,O,0.8745034337043762
A00713,N,0.8996671438217163
A00721,N,0.8363409042358398
A00722,A,0.907597005367279
A00723,O,0.9558911323547363
A00724,O,0.9939277172088623
A00725,A,0.905066967010498
A00727,N,0.7703410983085632
A00728,N,0.9476871490478516
A00730,N,0.6997186541557312
A00732,O,0.9012292623519897
A00733,A,0.7856879830360413
A00743,N,0.9167462587356567
A00746,O,0.8314110040664673
A00749,O,0.48755839467048645
A00759,~,0.424900621175766
A00760,N,0.8711544871330261
A00767,O,0.7149542570114136
A00771,N,0.5321603417396545
A00775,N,0.91407310962677
A00781,~,0.5436688661575317
A00782,O,0.995248019695282
A00785,O,0.8694086670875549
A00788,O,0.9798174500465393
A00789,O,0.9961884617805481
A00790,N,0.940887987613678
A00792,N,0.9363163709640503
A00793,O,0.6772463917732239
A00801,N,0.9249527454376221
A00805,N,0.9338672161102295
A00811,O,0.5576143264770508
A00814,N,0.7939656972885132
A00818,N,0.5435664057731628
A00819,O,0.5056081414222717
A00823,N,0.900989830493927
A00828,O,0.7400995492935181
A00830,N,0.6158176064491272
A00836,N,0.9471846222877502
A00837,A,0.914564311504364
A00838,N,0.8974654078483582
A00840,N,0.6920211315155029
A00852,N,0.7412649393081665
A00853,N,0.6687673330307007
A00861,N,0.9143124222755432
A00868,O,0.593238115310669
A00871,N,0.8733092546463013
A00872,O,0.6602076292037964
A00873,A,0.8474236726760864
A00875,O,0.9484477639198303
A00876,N,0.5107747912406921
A00879,N,0.9404696226119995
A00882,O,0.6859704852104187
A00889,O,0.6349756717681885
A00890,N,0.8956308960914612
A00898,O,0.8326641321182251
A00901,N,0.8702411651611328
A00903,O,0.6535057425498962
A00904,N,0.49190324544906616
A00905,N,0.7105303406715393
A00909,N,0.9289820194244385
A00911,N,0.9341108798980713
A00914,O,0.8561168909072876
A00915,N,0.8642653822898865
A00923,~,0.9379807710647583
A00926,N,0.9413365721702576
A00929,O,0.5352227091789246
A00933,A,0.5444955825805664
A00934,O,0.7169427275657654
A00937,N,0.7164890766143799
A00940,N,0.9319673180580139
A00942,N,0.9505079388618469
A00944,~,0.48643434047698975
A00946,N,0.9689695835113525
A00947,N,0.9385702610015869
A00948,N,0.9110285639762878
A00953,N,0.8672433495521545
A00955,N,0.9235336780548096
A00961,N,0.8796368837356567
A00965,N,0.8102222681045532
A00970,N,0.9150832295417786
A00974,O,0.7109046578407288
A00980,N,0.8985146284103394
A00981,N,0.7287446856498718
A00983,O,0.635523796081543
A00989,N,0.7700446844100952
A00994,N,0.8995367288589478
A00997,O,0.6969197392463684
A01000,N,0.9053164720535278
A01003,N,0.9198139905929565
A01014,O,0.8306979537010193
A01017,N,0.718413770198822
A01018,N,0.9747796058654785
A01020,O,0.4923168122768402
A01022,O,0.6383622288703918
A01024,A,0.9929863810539246
A01025,A,0.8479678630828857
A01032,N,0.9080674052238464
A01033,N,0.9273883700370789
A01034,N,0.9404866099357605
A01038,N,0.9400098919868469
A01041,O,0.5995728969573975
A01047,N,0.9493475556373596
A01048,N,0.42537060379981995
A01049,A,0.6563156843185425
A01050,O,0.7592810392379761
A01056,N,0.8438819646835327
A01060,N,0.732818603515625
A01063,O,0.5435739159584045
A01064,N,0.647998034954071
A01068,O,0.9925514459609985
A01070,~,0.908305287361145
A01071,O,0.9311671257019043
A01073,O,0.9807537198066711
A01075,A,0.8829600811004639
A01076,A,0.9105625748634338
A01082,N,0.5158507227897644
A01083,N,0.9004783034324646
A01087,A,0.9679065346717834
A01092,A,0.9573188424110413
A01093,N,0.8754760026931763
A01094,O,0.49789828062057495
A01095,O,0.6705110669136047
A01102,N,0.88099604845047
A01104,A,0.8869494199752808
A01109,N,0.9290996193885803
A01110,O,0.48396775126457214
A01111,O,0.814568281173706
A01114,O,0.504136323928833
A01117,N,0.9113263487815857
A01118,N,0.8582484722137451
A01122,N,0.9628989100456238
A01127,N,0.8704355955123901
A01128,N,0.8005702495574951
A01132,N,0.8954963088035583
A01133,O,0.9670389294624329
A01135,N,0.9174797534942627
A01143,N,0.5500022768974304
A01145,O,0.8362064361572266
A01147,N,0.9358842968940735
A01151,N,0.9252314567565918
A01153,A,0.9255179762840271
A01157,N,0.929931104183197
A01164,N,0.5564261078834534
A01180,O,0.6611754894256592
A01186,O,0.6644518971443176
A01187,O,0.9745936393737793
A01190,N,0.9512471556663513
A01191,O,0.751461923122406
A01200,N,0.6871406435966492
A01201,O,0.8895600438117981
A01202,N,0.8702641129493713
A01203,N,0.8361635804176331
A01215,N,0.7218862771987915
A01216,O,0.8128955960273743
A01217,A,0.9271246194839478
A01218,A,0.7850065231323242
A01219,O,0.7672193646430969
A01223,N,0.9495770335197449
A01229,N,0.8279587626457214
A01242,N,0.9192089438438416
A01244,A,0.7590632438659668
A01246,~,0.9128988981246948
A01251,N,0.7335683703422546
A01252,N,0.8556771874427795
A01253,~,0.6301042437553406
A01256,A,0.8581583499908447
A01258,A,0.8648571968078613
A01267,O,0.6947344541549683
A01268,A,0.9755687117576599
A01269,N,0.8975039720535278
A01270,~,0.8719837069511414
A01272,N,0.46079161763191223
A01276,N,0.9381492733955383
A01279,N,0.9266237616539001
A01282,N,0.539168655872345
A01283,N,0.7749488353729248
A01284,N,0.6711422204971313
A01285,N,0.8216594457626343
A01291,O,0.6827951669692993
A01295,O,0.8735937476158142
A01304,O,0.9571510553359985
A01308,O,0.9975912570953369
A01317,O,0.7414328455924988
A01320,O,0.5092280507087708
A01323,N,0.9357456564903259
A01324,A,0.7041994333267212
A01325,O,0.584923267364502
A01329,O,0.5320627093315125
A01331,N,0.9364144802093506
A01337,N,0.7891305685043335
A01338,O,0.6669661998748779
A01345,O,0.9761520028114319
A01346,N,0.9798388481140137
A01351,N,0.8943499326705933
A01355,A,0.7901468276977539
A01363,A,0.5581234097480774
A01367,N,0.9078584909439087
A01369,N,0.8042552471160889
A01371,O,0.5805175304412842
A01372,N,0.8242682814598083
A01373,N,0.8695971369743347
A01376,A,0.9543985724449158
A01380,N,0.9457137584686279
A01392,N,0.9124860167503357
A01395,A,0.9387354850769043
A01396,N,0.8253982067108154
A01401,O,0.6378849744796753
A01402,N,0.7405053377151489
A01405,A,0.49862590432167053
A01408,N,0.6939520835876465
A01409,N,0.8560859560966492
A01410,O,0.8040416240692139
A01412,O,0.7708549499511719
A01413,N,0.7958901524543762
A01418,O,0.987456738948822
A01426,N,0.8925005197525024
A01427,~,0.8815938830375671
A01429,~,0.9112828969955444
A01430,N,0.9436721801757812
A01432,N,0.9408840537071228
A01438,O,0.9786958694458008
A01440,N,0.9420504570007324
A01443,A,0.865919291973114
A01444,N,0.8815917372703552
A01446,O,0.5217494368553162
A01448,N,0.8687549829483032
A01450,A,0.9431855082511902
A01459,O,0.9995933175086975
A01462,N,0.8736929297447205
A01463,N,0.9514537453651428
A01468,O,0.5992124676704407
A01469,O,0.7727674841880798
A01472,N,0.796295702457428
A01477,N,0.7889664173126221
A01480,N,0.9537095427513123
A01482,N,0.9195718765258789
A01483,N,0.829573392868042
A01487,O,0.9823049306869507
A01499,O,0.6053711175918579
A01509,O,0.5174232125282288
A01513,N,0.8989353179931641
A01523,N,0.9441304802894592
A01528,O,0.5091637372970581
A01529,N,0.5933750867843628
A01539,N,0.9461613893508911
A01545,N,0.8063921332359314
A01546,O,0.996183454990387
A01547,O,0.9479248523712158
A01548,N,0.940129280090332
A01556,N,0.7637633681297302
A01557,O,0.494546115398407
A01559,N,0.8865331411361694
A01560,N,0.8827101588249207
A01561,O,0.9891080856323242
A01567,~,0.9327684044837952
A01568,O,0.5326364636421204
A01570,N,0.8674439191818237
A01576,O,0.9935322999954224
A01577,N,0.9127371907234192
A01580,O,0.9956294298171997
A01585,~,0.9340893626213074
A01586,O,0.999377965927124
A01587,O,0.9561697244644165
A01588,O,0.8574819564819336
A01589,A,0.9960588216781616
A01590,N,0.7449708580970764
A01591,~,0.6431065201759338
A01592,O,0.9955549836158752
A01602,O,0.9827441573143005
A01603,N,0.8750908970832825
A01608,O,0.7666797637939453
A01614,A,0.8217175602912903
A01615,N,0.6935638785362244
A01616,N,0.9269923567771912
A01623,N,0.9297713041305542
A01624,A,0.8008815050125122
A01628,N,0.6248102188110352
A01641,O,0.9822956323623657
A01643,O,0.9037675857543945
A01649,O,0.9645165801048279
A01651,O,0.9939451813697815
A01655,N,0.9436882138252258
A01664,N,0.8851197361946106
A01667,O,0.6054382920265198
A01670,N,0.9257738590240479
A01677,N,0.985191822052002
A01680,N,0.9350143074989319
A01681,N,0.9005805850028992
A01684,N,0.9470757842063904
A01691,A,0.9369478225708008
A01692,O,0.6869306564331055
A01696,N,0.9466414451599121
A01700,N,0.9310423731803894
A01704,N,0.9377201199531555
A01712,N,0.7756134271621704
A01713,N,0.6357663869857788
A01714,N,0.4338667094707489
A01715,A,0.9472215175628662
A01717,N,0.9492994546890259
A01721,N,0.9317981600761414
A01726,O,0.6923940777778625
A01728,N,0.8506491780281067
A01742,N,0.6977980136871338
A01746,O,0.9938913583755493
A01753,A,0.9590926766395569
A01755,N,0.4369514584541321
A01757,N,0.5330352187156677
A01759,N,0.9332564473152161
A01760,N,0.7654748558998108
A01762,N,0.9292427897453308
A01767,N,0.8958611488342285
A01769,N,0.9444518089294434
A01770,N,0.5616940259933472
A01771,N,0.970940887928009
A01772,~,0.6960111260414124
A01777,O,0.5615169405937195
A01779,N,0.8466717600822449
A01780,O,0.5289546847343445
A01781,N,0.836521327495575
A01782,N,0.5271576642990112
A01786,A,0.9003699421882629
A01787,N,0.9126017689704895
A01788,N,0.8632833361625671
A01791,N,0.919143795967102
A01793,N,0.6303013563156128
A01795,N,0.7767013907432556
A01803,N,0.881319522857666
A01804,~,0.4885111451148987
A01806,N,0.5481389164924622
A01807,N,0.9476035237312317
A01809,O,0.9988058805465698
A01810,N,0.9268200993537903
A01812,N,0.7224690914154053
A01815,N,0.9015464186668396
A01821,N,0.8739990592002869
A01822,O,0.7991419434547424
A01824,A,0.8809003829956055
A01826,O,0.8910493850708008
A01827,N,0.9612000584602356
A01828,A,0.9300599694252014
A01829,~,0.3760056793689728
A01841,O,0.9933742880821228
A01843,N,0.829098105430603
A01848,N,0.9003021717071533
A01849,N,0.8799700736999512
A01857,N,0.8627747297286987
A01861,N,0.9464105367660522
A01862,N,0.618006706237793
A01866,N,0.9485543966293335
A01868,N,0.9192083477973938
A01870,N,0.9095487594604492
A01871,N,0.9086432456970215
A01872,O,0.794235110282898
A01875,N,0.9456981420516968
A01879,N,0.48616331815719604
A01881,N,0.9340741634368896
A01882,N,0.9389899969100952
A01884,N,0.9444740414619446
A01887,O,0.784783124923706
A01890,O,0.7929829359054565
A01894,N,0.808914303779602
A01903,O,0.5340761542320251
A01913,O,0.9458572268486023
A01918,O,0.9249332547187805
A01920,N,0.9373657703399658
A01922,N,0.94737309217453
A01927,N,0.8535940647125244
A01931,N,0.9666976928710938
A01942,O,0.6196194887161255
A01947,N,0.8927399516105652
A01952,N,0.5156421661376953
A01953,O,0.8512311577796936
A01955,O,0.8039690852165222
A01959,N,0.9434003233909607
A01964,N,0.8883478045463562
A01966,~,0.723118782043457
A01970,O,0.7541481256484985
A01971,N,0.9408239126205444
A01984,N,0.9355164170265198
A01987,N,0.7889190912246704
A01988,N,0.9431506395339966
A02003,O,0.9466350078582764
A02006,N,0.7861911654472351
A02014,~,0.8049921989440918
A02016,N,0.9361489415168762
A02022,N,0.9166185855865479
A02023,N,0.8564507365226746
A02025,O,0.6791791319847107
A02027,O,0.8944495916366577
A02029,N,0.9399337768554688
A02030,N,0.8517221212387085
A02033,N,0.8395839929580688
A02038,N,0.8956905603408813
A02041,N,0.8559592962265015
A02045,N,0.7386655211448669
A02055,~,0.6686998009681702
A02056,O,0.854518473148346
A02059,O,0.4858023226261139
A02060,N,0.7313815355300903
A02061,N,0.9050480723381042
A02062,N,0.901137113571167
A02066,O,0.974499523639679
A02067,O,0.6775894165039062
A02068,O,0.6701683402061462
A02075,N,0.669653058052063
A02088,N,0.8815421462059021
A02092,O,0.7928342223167419
A02093,N,0.5778346061706543
A02095,N,0.709648847579956
A02099,N,0.911587119102478
A02102,O,0.9818113446235657
A02105,O,0.891484797000885
A02106,N,0.691183865070343
A02112,O,0.8008010983467102
A02120,N,0.6643892526626587
A02125,N,0.9304701685905457
A02126,A,0.8804155588150024
A02128,N,0.868462324142456
A02129,O,0.9949221014976501
A02134,N,0.9317402243614197
A02135,N,0.9340585470199585
A02138,N,0.9098633527755737
A02142,N,0.9363700747489929
A02144,N,0.9434711933135986
A02153,O,0.8600084185600281
A02154,N,0.9388003349304199
A02157,O,0.7407439947128296
A02158,O,0.9724312424659729
A02160,N,0.9023420810699463
A02162,N,0.8200038075447083
A02167,A,0.43495863676071167
A02178,N,0.8658872246742249
A02181,~,0.9281355738639832
A02183,O,0.9882858395576477
A02187,O,0.903893232345581
A02188,O,0.841357946395874
A02191,N,0.9365202784538269
A02193,O,0.5159251689910889
A02196,N,0.5568848252296448
A02198,N,0.9425548315048218
A02208,N,0.6138468980789185
A02214,O,0.9882302284240723
A02218,A,0.9155768752098083
A02219,N,0.9211254119873047
A02220,N,0.9395765662193298
A02226,N,0.9498750567436218
A02228,O,0.6261520385742188
A02230,N,0.941648006439209
A02231,N,0.6346895694732666
A02234,N,0.9458107948303223
A02239,N,0.8331083655357361
A02240,N,0.9292021989822388
A02242,O,0.4866308569908142
A02245,N,0.9137560129165649
A02248,O,0.6826745271682739
A02249,N,0.8874002695083618
A02250,N,0.9121233820915222
A02251,N,0.9508142471313477
A02253,O,0.47090962529182434
A02257,O,0.9842219352722168
A02259,N,0.9068183302879333
A02260,N,0.6073837280273438
A02265,O,0.9960681200027466
A02266,N,0.7240415811538696
A02271,N,0.7807892560958862
A02280,N,0.6870183348655701
A02283,N,0.9493308067321777
A02284,O,0.590791642665863
A02288,A,0.5476465821266174
A02292,N,0.9186616539955139
A02295,O,0.9907082319259644
A02301,O,0.9731227159500122
A02303,O,0.7083977460861206
A02306,N,0.850074052810669
A02310,N,0.9282420873641968
A02313,N,0.715129017829895
A02315,N,0.8043910264968872
A02317,N,0.8178669810295105
A02318,N,0.679354190826416
A02319,N,0.9404528141021729
A02321,N,0.9059783816337585
A02322,O,0.8447499871253967
A02338,N,0.936804473400116
A02345,N,0.8593664765357971
A02346,N,0.8470820784568787
A02348,O,0.7297518253326416
A02349,N,0.5404686331748962
A02350,N,0.9399521946907043
A02351,N,0.8751950263977051
A02355,A,0.9632630348205566
A02359,N,0.7821850180625916
A02363,~,0.471962571144104
A02369,O,0.8557880520820618
A02372,~,0.9358276128768921
A02374,N,0.914721667766571
A02376,N,0.9437490701675415
A02378,N,0.801353394985199
A02379,O,0.6702849268913269
A02380,N,0.6504582166671753
A02382,N,0.9781625866889954
A02383,N,0.9722994565963745
A02384,N,0.9149631261825562
A02389,N,0.9328847527503967
A02392,O,0.9819189310073853
A02394,~,0.514738142490387
A02396,O,0.8787490725517273
A02402,A,0.7911850214004517
A02410,O,0.9183261394500732
A02411,~,0.4765588939189911
A02416,N,0.9398069977760315
A02417,N,0.9189391732215881
A02421,N,0.9402651786804199
A02422,N,0.9601505994796753
A02423,O,0.8646642565727234
A02425,A,0.9637066721916199
A02429,A,0.9252052903175354
A02431,N,0.7743160724639893
A02433,O,0.840382993221283
A02441,O,0.9730514883995056
A02443,N,0.9400280117988586
A02447,N,0.9207439422607422
A02449,N,0.9013084769248962
A02451,O,0.5535023212432861
A02456,O,0.6704655885696411
A02459,N,0.8314673900604248
A02461,O,0.9308966994285583
A02462,O,0.9992209672927856
A02464,O,0.9592884182929993
A02465,N,0.9114603400230408
A02467,N,0.8181853890419006
A02468,N,0.839043140411377
A02471,N,0.7461248636245728
A02473,N,0.5720094442367554
A02475,A,0.9473394155502319
A02478,N,0.8171027302742004
A02480,N,0.9425942301750183
A02485,N,0.9198817014694214
A02488,O,0.9822646379470825
A02489,N,0.9248158931732178
A02506,A,0.9404554963111877
A02514,~,0.9392547607421875
A02520,N,0.8971485495567322
A02521,N,0.9158104062080383
A02522,O,0.8402159214019775
A02524,N,0.9430134296417236
A02528,N,0.8987273573875427
A02529,N,0.8695823550224304
A02536,A,0.8274829983711243
A02541,O,0.7155542373657227
A02549,A,0.963860034942627
A02553,N,0.9466440677642822
A02555,N,0.7759295105934143
A02556,N,0.8987699151039124
A02557,A,0.8317912220954895
A02558,N,0.9310534596443176
A02560,A,0.8845675587654114
A02563,N,0.875292956829071
A02571,N,0.5781771540641785
A02572,O,0.9365091323852539
A02575,N,0.603678822517395
A02576,O,0.9988781809806824
A02579,N,0.5291843414306641
A02581,N,0.9464035630226135
A02584,A,0.6367801427841187
A02586,N,0.7966834306716919
A02589,N,0.947805643081665
A02595,N,0.8591241836547852
A02598,N,0.9435458183288574
A02605,O,0.48215389251708984
A02610,N,0.9386121034622192
A02613,O,0.9989057779312134
A02616,N,0.9023125171661377
A02629,N,0.8117409348487854
A02650,O,0.8937578201293945
A02653,N,0.9333639144897461
A02656,N,0.8523085117340088
A02660,N,0.9380869269371033
A02661,N,0.842117428779602
A02663,N,0.6281066536903381
A02667,N,0.9184579253196716
A02669,N,0.7929936051368713
A02671,N,0.9040595889091492
A02672,N,0.8903066515922546
A02678,N,0.5342521071434021
A02680,O,0.7823906540870667
A02681,N,0.8913285136222839
A02683,O,0.9169787764549255
A02685,O,0.9886797070503235
A02686,A,0.9043103456497192
A02687,O,0.997541069984436
A02688,O,0.5733102560043335
A02690,O,0.8302218317985535
A02698,N,0.9398359060287476
A02700,N,0.9522322416305542
A02703,N,0.49170780181884766
A02706,~,0.918306827545166
A02708,O,0.989801824092865
A02710,N,0.7000154256820679
A02713,N,0.8876557946205139
A02715,N,0.7848091721534729
A02716,O,0.8247203826904297
A02721,N,0.9509377479553223
A02724,N,0.7470183968544006
A02725,O,0.9217142462730408
A02726,N,0.9277821183204651
A02728,N,0.6812877058982849
A02737,N,0.9502988457679749
A02742,N,0.9334597587585449
A02743,N,0.8832980394363403
A02744,N,0.8828417658805847
A02747,O,0.7909049391746521
A02749,N,0.6915464401245117
A02753,N,0.9411473274230957
A02757,A,0.9829702377319336
A02758,N,0.9439929127693176
A02759,O,0.7839367985725403
A02764,A,0.6735751628875732
A02765,N,0.47025537490844727
A02779,N,0.9278534650802612
A02780,O,0.9995425939559937
A02791,O,0.9924018383026123
A02795,N,0.9423080086708069
A02796,N,0.942983090877533
A02799,N,0.7796103954315186
A02805,O,0.9052700400352478
A02806,O,0.6752915382385254
A02807,O,0.6988353133201599
A02808,N,0.6015644669532776
A02809,N,0.9472761750221252
A02813,N,0.7944198250770569
A02814,O,0.5620171427726746
A02818,O,0.9443578720092773
A02820,N,0.9799464344978333
A02821,~,0.804219663143158
A02824,N,0.8276186585426331
A02832,O,0.8484818935394287
A02833,~,0.9436219930648804
A02835,O,0.9363624453544617
A02838,N,0.909024178981781
A02839,N,0.7929076552391052
A02840,O,0.8468852043151855
A02844,O,0.99483722448349
A02848,N,0.9820141196250916
A02849,N,0.93620765209198
A02851,N,0.9121693968772888
A02852,O,0.918465793132782
A02853,A,0.9330477714538574
A02855,N,0.937328040599823
A02863,N,0.9160686135292053
A02867,O,0.9886631369590759
A02871,N,0.9207627177238464
A02872,A,0.9161691665649414
A02873,N,0.9365087747573853
A02874,O,0.46587082743644714
A02876,N,0.9791643619537354
A02881,O,0.9883580803871155
A02884,N,0.9046589136123657
A02886,N,0.9732372164726257
A02888,O,0.5503575205802917
A02892,O,0.48461654782295227
A02900,A,0.5664921402931213
A02906,A,0.941774845123291
A02907,O,0.6505277752876282
A02912,O,0.5155245065689087
A02914,O,0.7636252641677856
A02916,N,0.938275933265686
A02917,N,0.7713366150856018
A02926,A,0.959079384803772
A02927,N,0.8839476108551025
A02928,N,0.9203642010688782
A02941,N,0.9432414174079895
A02943,N,0.836598813533783
A02945,A,0.9669160842895508
A02946,N,0.9362620115280151
A02947,O,0.7053887248039246
A02948,O,0.8984440565109253
A02949,N,0.9804629683494568
A02953,N,0.754309356212616
A02954,O,0.6177315711975098
A02957,N,0.9238811731338501
A02958,N,0.9177243113517761
A02960,O,0.9972755312919617
A02961,~,0.869709849357605
A02962,N,0.9489412903785706
A02964,N,0.7539653778076172
A02966,N,0.8018590807914734
A02968,N,0.9494248628616333
A02976,O,0.5460352301597595
A02978,A,0.9238384962081909
A02979,N,0.8790873289108276
A02983,O,0.8551707863807678
A02986,O,0.8491951823234558
A02990,N,0.8783542513847351
A02992,N,0.9256617426872253
A02994,N,0.9457005858421326
A02996,N,0.8953462243080139
A03006,O,0.998700737953186
A03009,N,0.9674389362335205
A03011,N,0.5562244057655334
A03013,A,0.5620225667953491
A03014,O,0.9788938164710999
A03029,O,0.6599792838096619
A03032,N,0.8815554976463318
A03034,A,0.994892954826355
A03037,N,0.8938981294631958
A03040,N,0.9470934867858887
A03041,N,0.5383944511413574
A03042,N,0.9079381823539734
A03047,O,0.8324500322341919
A03048,N,0.8429562449455261
A03056,N,0.9026152491569519
A03059,N,0.7297951579093933
A03066,N,0.9102898836135864
A03068,N,0.735956609249115
A03073,N,0.48882701992988586
A03075,O,0.7328635454177856
A03080,A,0.9621785879135132
A03083,O,0.9918896555900574
A03084,N,0.8951535820960999
A03088,N,0.9076494574546814
A03090,O,0.7313923239707947
A03092,N,0.9462758898735046
A03098,N,0.7228747606277466
A03112,O,0.5752043128013611
A03113,O,0.6781115531921387
A03114,N,0.9145746827125549
A03117,N,0.5585235953330994
A03122,N,0.7636488676071167
A03123,N,0.8523085117340088
A03127,O,0.6681752800941467
A03132,O,0.8922040462493896
A03137,O,0.5290142297744751
A03146,N,0.9468397498130798
A03147,N,0.9317880272865295
A03150,N,0.8641339540481567
A03154,A,0.9619061946868896
A03159,N,0.8602075576782227
A03165,N,0.9214439392089844
A03171,N,0.921715259552002
A03172,N,0.8481912612915039
A03183,~,0.9393563270568848
A03185,A,0.9419955611228943
A03192,O,0.981303334236145
A03193,N,0.9434645175933838
A03198,O,0.6867923140525818
A03206,N,0.8432604074478149
A03207,N,0.6417758464813232
A03211,N,0.9289916753768921
A03212,A,0.9683361649513245
A03215,~,0.48491862416267395
A03216,O,0.9945613741874695
A03220,O,0.8167032599449158
A03221,O,0.9934185743331909
A03224,N,0.9249696731567383
A03227,O,0.5073193907737732
A03232,O,0.4918330907821655
A03234,N,0.8368100523948669
A03245,O,0.9964112639427185
A03246,A,0.8473455309867859
A03249,N,0.8233778476715088
A03255,N,0.92661052942276
A03256,N,0.8179845213890076
A03263,N,0.9504879117012024
A03267,A,0.6849979162216187
A03276,A,0.7920061945915222
A03280,N,0.9229855537414551
A03281,N,0.8063753247261047
A03284,N,0.9738069772720337
A03287,O,0.9615723490715027
A03290,O,0.928425133228302
A03291,N,0.5686405897140503
A03295,A,0.8486694693565369
A03297,O,0.778404951095581
A03309,O,0.9970279335975647
A03310,A,0.8722343444824219
A03311,N,0.8729142546653748
A03315,N,0.8711930513381958
A03316,O,0.63117915391922
A03318,N,0.639612078666687
A03320,N,0.9223384261131287
A03328,N,0.8435984253883362
A03331,N,0.5590351819992065
A03334,N,0.9181327223777771
A03335,O,0.8331819772720337
A03337,N,0.8438112735748291
A03339,O,0.8321869969367981
A03340,N,0.9144578576087952
A03341,O,0.9178354144096375
A03344,N,0.9242656230926514
A03346,A,0.8867859840393066
A03349,N,0.7469989657402039
A03352,N,0.47300460934638977
A03353,N,0.7030506730079651
A03357,N,0.952014684677124
A03359,O,0.6418161988258362
A03361,N,0.8950926661491394
A03366,N,0.8963150382041931
A03367,N,0.5966346263885498
A03369,N,0.8220974802970886
A03373,O,0.8767344951629639
A03374,A,0.6775082349777222
A03376,N,0.9354262351989746
A03378,N,0.9299712777137756
A03385,N,0.9029434323310852
A03388,N,0.9327875375747681
A03393,O,0.7533718943595886
A03396,N,0.7910524606704712
A03399,O,0.8715348243713379
A03400,N,0.880277693271637
A03406,O,0.9969747066497803
A03410,O,0.9011932015419006
A03413,N,0.9203410744667053
A03414,O,0.903062105178833
A03416,N,0.7603456974029541
A03419,N,0.9673630595207214
A03421,N,0.7967970967292786
A03424,O,0.6819536089897156
A03431,N,0.9084559679031372
A03432,N,0.802616536617279
A03437,A,0.7946953773498535
A03440,N,0.9397567510604858
A03442,N,0.7924680709838867
A03443,~,0.6776192784309387
A03446,A,0.9365076422691345
A03448,N,0.7294478416442871
A03453,N,0.8067156076431274
A03455,N,0.8670615553855896
A03457,N,0.9190636277198792
A03460,A,0.5789940357208252
A03463,O,0.9627204537391663
A03465,N,0.9489704966545105
A03466,N,0.6319930553436279
A03468,A,0.8805002570152283
A03469,A,0.8248941898345947
A03473,N,0.9193013310432434
A03477,N,0.9516252279281616
A03478,N,0.9171887040138245
A03482,N,0.8182662129402161
A03483,N,0.953834056854248
A03484,O,0.5111759901046753
A03485,N,0.8613568544387817
A03491,N,0.8974827527999878
A03493,O,0.9651113748550415
A03499,O,0.6610249280929565
A03500,O,0.9791021943092346
A03506,O,0.9945350885391235
A03511,N,0.9570626020431519
A03517,O,0.9923166036605835
A03518,N,0.7042471170425415
A03521,O,0.9724287390708923
A03528,O,0.9766496419906616
A03529,N,0.9172377586364746
A03534,N,0.9419675469398499
A03540,N,0.7316372990608215
A03541,~,0.7075831890106201
A03542,N,0.9233277440071106
A03543,N,0.6752718687057495
A03554,N,0.909594714641571
A03560,N,0.9446969032287598
A03563,O,0.5096808671951294
A03565,~,0.8398391008377075
A03567,A,0.5472449064254761
A03568,N,0.9559155106544495
A03573,N,0.9060070514678955
A03574,N,0.8149332404136658
A03576,A,0.8513742089271545
A03581,N,0.8294506669044495
A03593,N,0.5876354575157166
A03594,N,0.8481900691986084
A03596,N,0.8449653387069702
A03601,O,0.9752914905548096
A03603,N,0.8278000950813293
A03607,N,0.5021165609359741
A03610,A,0.7493246793746948
A03615,O,0.9381832480430603
A03616,O,0.8296841382980347
A03624,N,0.6074863076210022
A03626,N,0.8928666710853577
A03628,O,0.7858853936195374
A03632,N,0.9459981322288513
A03641,N,0.9107185006141663
A03646,A,0.8607051372528076
A03647,N,0.9392168521881104
A03655,O,0.5382080078125
A03658,N,0.8311293125152588
A03661,O,0.998095691204071
A03666,N,0.6843639612197876
A03668,N,0.4791589081287384
A03671,A,0.9246696829795837
A03682,N,0.5217481851577759
A03686,N,0.9422305822372437
A03688,N,0.9408071041107178
A03691,O,0.48292076587677
A03693,N,0.7860071659088135
A03702,N,0.7592884302139282
A03703,N,0.7014739513397217
A03705,O,0.8486015796661377
A03708,O,0.9867132902145386
A03716,O,0.5376321077346802
A03717,O,0.9337894916534424
A03726,N,0.8323986530303955
A03727,O,0.9938910007476807
A03729,N,0.981975793838501
A03736,O,0.71170973777771
A03740,N,0.5063243508338928
A03743,N,0.8788254857063293
A03745,N,0.7242553234100342
A03746,O,0.7932257056236267
A03748,N,0.9349312782287598
A03751,N,0.9376852512359619
A03755,N,0.9439288377761841
A03760,A,0.9189617037773132
A03762,N,0.9463394284248352
A03768,N,0.944033682346344
A03770,N,0.6438927054405212
A03773,O,0.8239392042160034
A03774,N,0.900876522064209
A03776,N,0.9136532545089722
A03777,N,0.8153044581413269
A03779,N,0.9451559782028198
A03785,N,0.912408709526062
A03786,N,0.9316630363464355
A03797,O,0.5997457504272461
A03802,O,0.7752753496170044
A03806,O,0.605482280254364
A03808,N,0.6706924438476562
A03809,N,0.8527540564537048
A03813,N,0.7514736652374268
A03818,N,0.9444181323051453
A03819,N,0.9046969413757324
A03836,O,0.9384987950325012
A03840,N,0.9329444169998169
A03843,N,0.9379556179046631
A03844,A,0.781717836856842
A03848,N,0.4891214072704315
A03851,O,0.9475392699241638
A03852,A,0.9408735036849976
A03858,N,0.9256983399391174
A03860,N,0.9492533802986145
A03863,A,0.9048682451248169
A03867,N,0.5987462401390076
A03868,O,0.3590966463088989
A03870,N,0.8114335536956787
A03873,N,0.4217323958873749
A03882,N,0.7979437112808228
A03886,N,0.8418378829956055
A03895,N,0.906486988067627
A03903,N,0.9470341801643372
A03906,N,0.9355962872505188
A03907,N,0.9402902722358704
A03909,N,0.8845239877700806
A03910,A,0.41895344853401184
A03921,N,0.392933189868927
A03922,N,0.915149986743927
A03931,O,0.9975318908691406
A03936,N,0.8597351908683777
A03943,N,0.9334127902984619
A03949,N,0.734017014503479
A03957,N,0.9510325193405151
A03959,O,0.9821549654006958
A03965,O,0.7624850869178772
A03966,N,0.9178764820098877
A03967,N,0.7843871712684631
A03972,N,0.8696545958518982
A03973,N,0.8975797295570374
A03975,N,0.8556898832321167
A03978,A,0.42177700996398926
A03980,O,0.6362031698226929
A03986,O,0.716924250125885
A04002,O,0.7615275979042053
A04008,N,0.8971864581108093
A04011,N,0.7786122560501099
A04013,O,0.993270218372345
A04018,N,0.5085027813911438
A04022,N,0.9398453831672668
A04025,A,0.949571967124939
A04030,A,0.8620220422744751
A04032,N,0.9041560292243958
A04038,O,0.9517449736595154
A04045,N,0.9033511281013489
A04046,N,0.8170668482780457
A04050,N,0.9394477605819702
A04056,N,0.9305505752563477
A04062,O,0.9642760753631592
A04066,N,0.9437416195869446
A04068,N,0.9481238126754761
A04070,N,0.9227360486984253
A04077,N,0.9411308765411377
A04079,N,0.9184836149215698
A04080,N,0.8516054153442383
A04081,O,0.8244162201881409
A04088,N,0.8676151037216187
A04093,N,0.9261022210121155
A04097,N,0.9196364283561707
A04098,O,0.9885423183441162
A04099,N,0.9142630100250244
A04105,N,0.8421477675437927
A04106,N,0.8603512644767761
A04109,O,0.8391926884651184
A04112,N,0.7485246062278748
A04117,A,0.9618772268295288
A04123,A,0.6703222990036011
A04129,N,0.8908709287643433
A04137,~,0.8567612767219543
A04139,N,0.932549774646759
A04142,N,0.6939375996589661
A04144,N,0.898852527141571
A04145,N,0.7999998331069946
A04147,N,0.9198755025863647
A04149,O,0.9116533994674683
A04151,N,0.9331834316253662
A04152,N,0.9420109987258911
A04155,N,0.9576708674430847
A04162,O,0.6969388127326965
A04165,N,0.9119338989257812
A04167,N,0.7610857486724854
A04169,O,0.5048737525939941
A04172,N,0.9304230809211731
A04177,O,0.9356991052627563
A04180,N,0.9387108087539673
A04182,N,0.9295620918273926
A04188,N,0.867348849773407
A04192,N,0.8859865069389343
A04195,O,0.8459882736206055
A04197,N,0.9297807216644287
A04201,O,0.9953243732452393
A04203,O,0.9679705500602722
A04205,A,0.8517254590988159
A04206,~,0.8146623373031616
A04210,N,0.8926621675491333
A04213,N,0.9352675080299377
A04221,N,0.803318440914154
A04223,N,0.7284889221191406
A04224,N,0.9346824884414673
A04226,N,0.8898505568504333
A04230,A,0.844184160232544
A04232,O,0.5833889842033386
A04233,N,0.9395959377288818
A04239,N,0.8088611364364624
A04242,N,0.6781083345413208
A04245,N,0.8932809233665466
A04251,~,0.7156688570976257
A04252,O,0.5842746496200562
A04254,O,0.8820997476577759
A04258,N,0.8989686369895935
A04262,N,0.949120283126831
A04263,N,0.8724856972694397
A04267,N,0.9685571789741516
A04269,N,0.7991189360618591
A04272,A,0.8958624005317688
A04273,N,0.8828167915344238
A04274,~,0.6625179648399353
A04278,N,0.8770655989646912
A04280,N,0.919684112071991
A04282,~,0.913856029510498
A04283,N,0.9332594275474548
A04284,O,0.8834421038627625
A04285,N,0.7694795727729797
A04289,N,0.6230112314224243
A04290,O,0.9147607088088989
A04292,N,0.8830147385597229
A04294,N,0.5915980935096741
A04295,N,0.840754508972168
A04297,N,0.8652516007423401
A04300,O,0.9309461712837219
A04305,N,0.9370542168617249
A04317,N,0.8673790097236633
A04318,O,0.934171199798584
A04321,N,0.9106873273849487
A04324,O,0.7926463484764099
A04325,N,0.36580976843833923
A04327,O,0.5442036986351013
A04335,O,0.788155198097229
A04338,N,0.7491416335105896
A04339,N,0.8508095741271973
A04340,N,0.9391531348228455
A04341,N,0.8240105509757996
A04342,N,0.6155146360397339
A04343,N,0.6285130381584167
A04346,O,0.7040637135505676
A04350,A,0.5981486439704895
A04353,N,0.9811598658561707
A04354,N,0.7536642551422119
A04357,O,0.992793083190918
A04361,O,0.9377347230911255
A04362,O,0.7671656608581543
A04366,O,0.705956220626831
A04368,N,0.6447854042053223
A04369,O,0.9328920245170593
A04372,O,0.7957447171211243
A04375,N,0.8413302898406982
A04377,N,0.8104966878890991
A04381,N,0.9365008473396301
A04391,N,0.9248411655426025
A04399,N,0.9175599217414856
A04400,O,0.886926531791687
A04405,N,0.9127503037452698
A04409,N,0.937981128692627
A04410,N,0.8519930839538574
A04414,O,0.7406713962554932
A04419,N,0.9815185070037842
A04421,O,0.8779923319816589
A04426,N,0.7741068601608276
A04428,O,0.84824538230896
A04429,O,0.9329707622528076
A04436,N,0.8652973771095276
A04439,N,0.9439399838447571
A04444,N,0.46009910106658936
A04446,N,0.9369413256645203
A04449,N,0.8942369818687439
A04460,~,0.6185035705566406
A04461,N,0.9822956323623657
A04462,N,0.9344077110290527
A04463,O,0.8715597987174988
A04466,O,0.5630256533622742
A04467,N,0.9619103074073792
A04469,N,0.9024425745010376
A04470,O,0.7913891077041626
A04472,N,0.930971086025238
A04473,A,0.8262841105461121
A04474,N,0.9481965899467468
A04475,N,0.851876974105835
A04477,N,0.9436315298080444
A04479,N,0.7777689695358276
A04483,N,0.9546862840652466
A04484,N,0.9043604731559753
A04488,N,0.7143111824989319
A04489,N,0.8135412931442261
A04492,N,0.9422330856323242
A04496,O,0.910771906375885
A04499,N,0.8189228177070618
A04504,N,0.9433305859565735
A04506,N,0.8033667206764221
A04509,O,0.5813455581665039
A04511,N,0.6680019497871399
A04516,A,0.8050132989883423
A04520,~,0.5863511562347412
A04521,O,0.9964181184768677
A04525,N,0.9137235283851624
A04527,O,0.9687566161155701
A04539,O,0.6705318689346313
A04544,O,0.953837513923645
A04548,N,0.911278247833252
A04553,N,0.9184865951538086
A04554,N,0.8298294544219971
A04555,~,0.845099925994873
A04556,N,0.834962785243988
A04557,O,0.9509709477424622
A04561,O,0.7084164023399353
A04563,N,0.928693413734436
A04565,N,0.9353432059288025
A04568,O,0.9846585988998413
A04575,O,0.8108344078063965
A04584,O,0.663584291934967
A04585,O,0.7742356061935425
A04587,O,0.564697802066803
A04591,A,0.7097511887550354
A04599,N,0.5950931310653687
A04601,N,0.9349130392074585
A04603,N,0.9449865818023682
A04604,O,0.6364807486534119
A04610,N,0.8625470995903015
A04614,N,0.8877246975898743
A04623,N,0.4970727562904358
A04629,N,0.91899174451828
A04630,N,0.8847934603691101
A04638,A,0.6759993433952332
A04640,N,0.8081640601158142
A04643,A,0.739345371723175
A04645,N,0.9416775703430176
A04646,N,0.9394678473472595
A04648,N,0.8921745419502258
A04650,N,0.9456391334533691
A04654,N,0.9486275315284729
A04659,N,0.8403854370117188
A04660,N,0.8095934987068176
A04667,O,0.6928990483283997
A04670,N,0.8080483078956604
A04674,O,0.7397288680076599
A04676,N,0.5776388645172119
A04682,N,0.5604748129844666
A04691,N,0.9051057696342468
A04692,N,0.7504452466964722
A04695,O,0.6209734678268433
A04696,N,0.8523669838905334
A04697,A,0.9382396936416626
A04699,N,0.9040620923042297
A04704,A,0.7079155445098877
A04706,N,0.7383518218994141
A04715,O,0.9883300065994263
A04716,N,0.9797787666320801
A04719,O,0.9062079191207886
A04723,O,0.8290055990219116
A04724,N,0.9338036179542542
A04729,N,0.9371222853660583
A04736,O,0.8096116185188293
A04745,O,0.8848910927772522
A04752,N,0.9493911862373352
A04754,N,0.913211464881897
A04759,N,0.8927762508392334
A04760,N,0.9381808638572693
A04764,N,0.9785939455032349
A04768,N,0.9051306843757629
A04775,N,0.5360307097434998
A04782,N,0.9495488405227661
A04790,N,0.9025542140007019
A04792,N,0.889447808265686
A04798,N,0.8257037997245789
A04800,N,0.6768436431884766
A04802,A,0.44732972979545593
A04806,N,0.9241011142730713
A04807,N,0.8114147186279297
A04814,N,0.9254264831542969
A04817,N,0.9352135062217712
A04822,N,0.673747718334198
A04823,N,0.9012590050697327
A04824,O,0.5236331820487976
A04831,N,0.8914944529533386
A04832,O,0.8540777564048767
A04833,N,0.9691269993782043
A04834,N,0.9403069615364075
A04838,O,0.9753419756889343
A04841,N,0.6748950481414795
A04847,N,0.9416568875312805
A04858,A,0.6343117356300354
A04865,O,0.779124915599823
A04868,N,0.6758390069007874
A04875,O,0.9982227683067322
A04877,O,0.7700520753860474
A04880,N,0.9620113372802734
A04883,N,0.9259299039840698
A04892,O,0.9985083937644958
A04893,A,0.45267748832702637
A04896,~,0.41881582140922546
A04897,O,0.9235859513282776
A04900,N,0.9181556701660156
A04903,N,0.9354172945022583
A04906,N,0.5564931631088257
A04917,N,0.9363502264022827
A04919,N,0.9501736164093018
A04925,N,0.813962996006012
A04926,N,0.9461609125137329
A04927,O,0.6488423943519592
A04928,N,0.9449083209037781
A04931,O,0.8861498236656189
A04936,A,0.5660349726676941
A04939,O,0.8932641744613647
A04949,N,0.8224557638168335
A04952,O,0.9590349793434143
A04953,N,0.8821746706962585
A04961,N,0.9240934252738953
A04962,O,0.8789659142494202
A04965,N,0.8940877914428711
A04970,O,0.8175452947616577
A04972,N,0.9474148154258728
A04977,O,0.9226551651954651
A04978,N,0.9108769297599792
A04979,N,0.8924097418785095
A04981,O,0.5537961721420288
A04983,N,0.8484512567520142
A04989,N,0.6070379614830017
A04990,N,0.8608536124229431
A04991,N,0.8019385933876038
A04992,O,0.5685643553733826
A04993,N,0.9410339593887329
A05000,N,0.9200189709663391
A05006,N,0.7985398173332214
A05008,N,0.7959672212600708
A05009,N,0.9309850335121155
A05010,O,0.9364928007125854
A05011,N,0.9787816405296326
A05020,O,0.7041789889335632
A05022,N,0.6215145587921143
A05023,N,0.9409804940223694
A05025,N,0.9817901253700256
A05031,N,0.9508873224258423
A05034,N,0.9355490207672119
A05036,N,0.7446923851966858
A05042,N,0.5630989670753479
A05047,O,0.8718182444572449
A05048,N,0.4717678129673004
A05050,O,0.9372243881225586
A05057,N,0.8417589664459229
A05058,N,0.7008574604988098
A05059,A,0.892573356628418
A05063,~,0.9377361536026001
A05065,N,0.9416532516479492
A05072,O,0.8552761077880859
A05080,N,0.6232055425643921
A05083,N,0.5459649562835693
A05087,N,0.9316967129707336
A05092,N,0.9374843239784241
A05093,N,0.6282742023468018
A05099,O,0.8481718897819519
A05104,N,0.9449430108070374
A05106,N,0.9804125428199768
A05108,O,0.8828678131103516
A05111,N,0.974012553691864
A05116,A,0.8131172060966492
A05119,A,0.9524343013763428
A05125,O,0.7198605537414551
A05126,N,0.9429261684417725
A05133,N,0.9516867995262146
A05137,N,0.9315510392189026
A05138,A,0.9712259769439697
A05147,N,0.8032934665679932
A05152,N,0.9436324238777161
A05155,N,0.9127784371376038
A05157,N,0.9154159426689148
A05161,O,0.7208112478256226
A05168,N,0.8141039609909058
A05180,O,0.6839139461517334
A05181,O,0.6235613822937012
A05182,N,0.9165853261947632
A05185,N,0.897665798664093
A05188,N,0.9414483308792114
A05189,~,0.8519383072853088
A05193,N,0.5772571563720703
A05194,N,0.9009634852409363
A05195,N,0.9436824917793274
A05198,N,0.9361071586608887
A05201,O,0.5492944717407227
A05204,N,0.9284957647323608
A05209,N,0.7849025130271912
A05212,N,0.916619062423706
A05222,N,0.7174509167671204
A05223,N,0.9693871140480042
A05225,N,0.914766788482666
A05231,N,0.9262984395027161
A05234,O,0.6566274166107178
A05235,N,0.6484574675559998
A05238,A,0.9331828355789185
A05242,O,0.9936566948890686
A05246,N,0.8836498260498047
A05250,N,0.83510422706604
A05255,N,0.8612694144248962
A05258,O,0.9977885484695435
A05259,N,0.8506455421447754
A05265,A,0.9329349994659424
A05266,~,0.752199649810791
A05267,N,0.9150956869125366
A05271,N,0.4614783823490143
A05273,N,0.8320741653442383
A05275,N,0.8895467519760132
A05278,N,0.744543731212616
A05283,A,0.7145586609840393
A05285,O,0.997614860534668
A05290,N,0.9893962740898132
A05292,N,0.9003371000289917
A05295,N,0.845571756362915
A05301,O,0.8121797442436218
A05304,N,0.9582610726356506
A05309,O,0.9804922342300415
A05317,N,0.9122945666313171
A05318,N,0.9347626566886902
A05319,O,0.8470372557640076
A05325,O,0.8957076072692871
A05326,N,0.919805109500885
A05329,O,0.7832844257354736
A05331,O,0.4939787685871124
A05332,O,0.9947973489761353
A05335,N,0.8602012991905212
A05337,N,0.5788360834121704
A05340,O,0.8422731757164001
A05343,A,0.7393324375152588
A05344,N,0.9443199038505554
A05345,N,0.9131906628608704
A05352,O,0.614388644695282
A05353,N,0.6322786211967468
A05357,N,0.9309540390968323
A05358,N,0.8400102853775024
A05359,O,0.9202139973640442
A05360,O,0.5906520485877991
A05362,O,0.9195369482040405
A05371,N,0.9020318984985352
A05372,N,0.9507920145988464
A05373,O,0.9532619714736938
A05376,N,0.7551634907722473
A05381,O,0.525346040725708
A05384,N,0.948634922504425
A05386,N,0.6083085536956787
A05387,O,0.4533906877040863
A05388,O,0.6123636364936829
A05393,N,0.519228458404541
A05395,N,0.9343830347061157
A05406,N,0.6494194269180298
A05411,N,0.731889009475708
A05418,N,0.5300549864768982
A05421,N,0.9119172096252441
A05428,N,0.7947397232055664
A05431,A,0.8549135327339172
A05433,A,0.9098013639450073
A05436,N,0.6935707926750183
A05438,O,0.6141679286956787
A05439,N,0.9384708404541016
A05441,N,0.9403929710388184
A05449,N,0.7362055778503418
A05450,N,0.917817234992981
A05452,N,0.8008580207824707
A05453,O,0.914939284324646
A05456,N,0.9484838247299194
A05458,A,0.8402436971664429
A05460,N,0.9315229058265686
A05462,O,0.6187145709991455
A05463,O,0.5623471736907959
A05464,N,0.891627311706543
A05467,N,0.7354051470756531
A05473,N,0.9519436955451965
A05478,N,0.9702667593955994
A05484,O,0.7169476747512817
A05493,N,0.7756690382957458
A05495,O,0.9050476551055908
A05496,N,0.933273434638977
A05502,O,0.8786425590515137
A05505,N,0.7804974913597107
A05506,N,0.9037571549415588
A05508,O,0.6282716989517212
A05512,N,0.9492589235305786
A05514,O,0.8711932301521301
A05516,N,0.8549399971961975
A05520,O,0.9022674560546875
A05521,N,0.9524477124214172
A05529,N,0.8488388061523438
A05532,N,0.9194647669792175
A05535,N,0.7113223075866699
A05539,O,0.7137226462364197
A05547,A,0.5223869681358337
A05548,N,0.9168895483016968
A05555,~,0.6243898868560791
A05558,O,0.7559877038002014
A05560,N,0.9360357522964478
A05568,O,0.8000990152359009
A05571,~,0.9404850006103516
A05573,N,0.9487086534500122
A05579,N,0.9392271041870117
A05580,N,0.9864539504051208
A05582,N,0.8830069303512573
A05584,N,0.9440022706985474
A05585,N,0.5121726393699646
A05592,~,0.6196151375770569
A05593,O,0.6566115021705627
A05595,N,0.606236457824707
A05598,N,0.790102481842041
A05602,N,0.8131303191184998
A05603,O,0.8799312114715576
A05604,N,0.932159423828125
A05607,N,0.9543064832687378
A05611,N,0.8737087845802307
A05614,N,0.5965548157691956
A05615,N,0.80793297290802
A05618,O,0.8190221786499023
A05620,O,0.9975239634513855
A05622,N,0.6734146475791931
A05624,A,0.7490664124488831
A05627,O,0.9973311424255371
A05632,O,0.5068455934524536
A05633,N,0.9352512359619141
A05635,N,0.5197198987007141
A05639,O,0.7420151233673096
A05643,A,0.8986877799034119
A05647,N,0.9236173629760742
A05649,N,0.9370687007904053
A05653,O,0.8490011096000671
A05655,N,0.6742780208587646
A05656,N,0.6734762191772461
A05657,O,0.7266695499420166
A05664,N,0.934292733669281
A05667,O,0.5766265392303467
A05669,N,0.9446823000907898
A05670,A,0.9068124294281006
A05674,O,0.5740516781806946
A05675,N,0.9005849957466125
A05678,N,0.9611512422561646
A05683,O,0.8729607462882996
A05685,O,0.5648376941680908
A05687,N,0.9425842761993408
A05691,O,0.7694084644317627
A05692,N,0.929980456829071
A05693,N,0.5447614192962646
A05694,N,0.8596388697624207
A05702,N,0.9433951377868652
A05706,N,0.9396868348121643
A05711,N,0.9082618951797485
A05712,A,0.9627217054367065
A05713,N,0.9476162791252136
A05720,O,0.8632652163505554
A05721,N,0.9345262050628662
A05723,N,0.8867533802986145
A05728,N,0.9409011602401733
A05733,N,0.8480861186981201
A05735,N,0.8016568422317505
A05736,N,0.507990837097168
A05738,O,0.5330044627189636
A05748,N,0.9369701147079468
A05750,O,0.968445360660553
A05751,N,0.9295648336410522
A05752,N,0.9541007280349731
A05758,O,0.7347831130027771
A05765,N,0.9223672151565552
A05771,N,0.5257096886634827
A05772,N,0.8998948931694031
A05775,A,0.8671905994415283
A05784,N,0.8701778650283813
A05785,O,0.6897494792938232
A05792,N,0.5106865167617798
A05793,N,0.9485527873039246
A05801,A,0.5720247030258179
A05806,N,0.9571356773376465
A05811,N,0.8885194659233093
A05814,N,0.9066773653030396
A05817,A,0.8443730473518372
A05820,N,0.9582805633544922
A05822,~,0.7508063912391663
A05824,N,0.7371860146522522
A05827,N,0.9606078267097473
A05828,N,0.9453849792480469
A05829,O,0.9968968629837036
A05831,O,0.9521254301071167
A05832,O,0.7619932889938354
A05833,O,0.7028087973594666
A05839,N,0.8355798721313477
A05841,A,0.5323028564453125
A05847,N,0.5369210243225098
A05849,N,0.9449424743652344
A05851,N,0.9743881821632385
A05852,N,0.9448426961898804
A05853,N,0.9175810813903809
A05857,A,0.7845474481582642
A05859,N,0.8958978652954102
A05861,O,0.5113367438316345
A05868,O,0.7407470941543579
A05873,N,0.905877947807312
A05882,A,0.914045512676239
A05891,N,0.9110078811645508
A05895,O,0.9643955826759338
A05902,O,0.940325915813446
A05910,N,0.8522605299949646
A05914,N,0.9281084537506104
A05917,O,0.8791041374206543
A05919,N,0.9246930480003357
A05921,N,0.5617457032203674
A05923,N,0.8546651005744934
A05928,N,0.7562589049339294
A05933,O,0.526250958442688
A05943,O,0.7174473404884338
A05949,N,0.9343499541282654
A05951,N,0.8900347948074341
A05956,~,0.8553192019462585
A05958,N,0.917870819568634
A05964,N,0.9411099553108215
A05965,O,0.9291214346885681
A05966,O,0.8038180470466614
A05978,A,0.8653081655502319
A05986,N,0.8681290149688721
A05989,A,0.5576402544975281
A05993,N,0.9457932114601135
A05998,N,0.9247398972511292
A05999,N,0.9479252696037292
A06000,N,0.4577188193798065
A06002,N,0.9355474710464478
A06004,A,0.9474438428878784
A06009,N,0.9089234471321106
A06010,O,0.5780957937240601
A06014,N,0.9104012250900269
A06016,N,0.9322400093078613
A06020,O,0.8228356838226318
A06021,A,0.8480052351951599
A06024,N,0.9147074222564697
A06029,N,0.9402251839637756
A06031,N,0.7950139045715332
A06032,O,0.8053427338600159
A06036,N,0.9157004356384277
A06040,N,0.5398436784744263
A06042,O,0.7472097277641296
A06045,N,0.8191500306129456
A06047,N,0.9426858425140381
A06051,O,0.5095313787460327
A06067,O,0.8964788317680359
A06069,O,0.9498381614685059
A06071,N,0.7268781065940857
A06072,O,0.9868819117546082
A06073,O,0.6972580552101135
A06074,N,0.9453097581863403
A06077,O,0.6643214821815491
A06078,O,0.9582418203353882
A06085,N,0.9294043779373169
A06086,O,0.6582966446876526
A06087,N,0.5748650431632996
A06088,N,0.9463420510292053
A06089,O,0.8189166784286499
A06092,~,0.8087907433509827
A06096,N,0.9557468295097351
A06097,N,0.724611222743988
A06100,A,0.810169517993927
A06102,N,0.8222789764404297
A06105,N,0.9413179755210876
A06106,N,0.7537630796432495
A06109,N,0.7896641492843628
A06110,O,0.762848436832428
A06112,A,0.6679052710533142
A06119,N,0.8949278593063354
A06120,N,0.9212735891342163
A06121,O,0.6099632978439331
A06123,O,0.9687943458557129
A06130,N,0.8366007804870605
A06133,N,0.9044704437255859
A06135,O,0.9497432112693787
A06136,N,0.9419368505477905
A06141,A,0.9170985817909241
A06142,N,0.7264518141746521
A06151,N,0.7091744542121887
A06153,N,0.9489396810531616
A06154,O,0.6972422003746033
A06159,N,0.9226918816566467
A06162,O,0.6817291378974915
A06169,N,0.5428870916366577
A06175,N,0.9491497278213501
A06182,O,0.8665284514427185
A06186,O,0.4819492995738983
A06187,N,0.9315913915634155
A06199,N,0.9322324395179749
A06200,N,0.811782717704773
A06207,N,0.9419839382171631
A06212,O,0.9679876565933228
A06217,N,0.5757327675819397
A06221,N,0.9244707822799683
A06223,~,0.9279322624206543
A06226,N,0.5744665861129761
A06230,O,0.5535028576850891
A06232,N,0.9359599947929382
A06236,O,0.5583930611610413
A06242,O,0.9543960690498352
A06243,N,0.9088563919067383
A06244,N,0.9024325609207153
A06253,O,0.8224036693572998
A06254,N,0.9502815008163452
A06256,N,0.942572295665741
A06261,O,0.6012216210365295
A06263,N,0.9662525057792664
A06267,N,0.9301192760467529
A06268,O,0.8279548287391663
A06269,A,0.8332777619361877
A06274,N,0.4494822323322296
A06275,O,0.6767197251319885
A06280,O,0.6718382835388184
A06285,A,0.8436176776885986
A06286,A,0.7061349749565125
A06287,O,0.7003015279769897
A06288,A,0.8588241934776306
A06289,A,0.8786184787750244
A06290,A,0.6245403289794922
A06298,O,0.9364762902259827
A06302,O,0.7649368643760681
A06306,O,0.9546389579772949
A06310,N,0.9589470624923706
A06313,N,0.7069526314735413
A06320,O,0.6086036562919617
A06321,A,0.6414929628372192
A06322,N,0.8870815634727478
A06325,O,0.8136357069015503
A06326,N,0.8998091816902161
A06331,N,0.9195890426635742
A06332,O,0.8241835832595825
A06341,N,0.9432909488677979
A06346,O,0.6521859169006348
A06348,N,0.9065613746643066
A06354,N,0.9050279259681702
A06355,N,0.9152386784553528
A06361,N,0.9452270865440369
A06364,O,0.5611777901649475
A06367,O,0.5527263879776001
A06369,O,0.9582547545433044
A06378,N,0.5911244750022888
A06383,N,0.904900312423706
A06384,N,0.7826739549636841
A06391,O,0.9572765827178955
A06396,N,0.7638463377952576
A06401,N,0.7530341744422913
A06405,N,0.7934433221817017
A06408,N,0.9712591767311096
A06411,N,0.7499753832817078
A06425,N,0.935184121131897
A06426,N,0.8828770518302917
A06427,N,0.990068256855011
A06428,O,0.989012598991394
A06434,N,0.8314908146858215
A06439,N,0.9423702955245972
A06442,N,0.820878803730011
A06443,N,0.9214339852333069
A06444,O,0.838508129119873
A06446,N,0.8595812916755676
A06450,N,0.6669248938560486
A06451,O,0.9831558465957642
A06453,N,0.9790140986442566
A06458,N,0.7907145619392395
A06460,O,0.9915888905525208
A06461,N,0.891788899898529
A06467,N,0.34499600529670715
A06472,O,0.8431328535079956
A06474,N,0.9356006979942322
A06478,N,0.8412842154502869
A06485,O,0.8541210293769836
A06490,N,0.9277280569076538
A06492,N,0.968220055103302
A06495,O,0.5457972884178162
A06498,N,0.9368669390678406
A06503,N,0.9483065605163574
A06505,N,0.8485134840011597
A06507,N,0.9383018612861633
A06508,N,0.9136900305747986
A06510,O,0.9610323309898376
A06511,N,0.9126851558685303
A06513,O,0.9313712120056152
A06518,N,0.8608705997467041
A06525,O,0.6414154171943665
A06534,N,0.545228123664856
A06543,~,0.6260501146316528
A06551,A,0.9381794929504395
A06555,N,0.6083120703697205
A06557,N,0.9362033605575562
A06571,O,0.7081448435783386
A06572,N,0.8038284778594971
A06580,N,0.948093593120575
A06586,N,0.724897027015686
A06590,A,0.8724437952041626
A06592,N,0.9448943734169006
A06593,N,0.9149144291877747
A06594,N,0.8815941214561462
A06602,N,0.8916727304458618
A06603,N,0.8633390665054321
A06604,N,0.9450369477272034
A06607,N,0.9437721371650696
A06610,O,0.5907971262931824
A06613,N,0.6643133759498596
A06615,N,0.939868688583374
A06617,N,0.9359908103942871
A06618,O,0.7666933536529541
A06625,O,0.9574904441833496
A06627,A,0.9382765293121338
A06632,N,0.8928889632225037
A06636,N,0.910314679145813
A06639,O,0.8247851133346558
A06644,N,0.9367400407791138
A06647,O,0.9206063151359558
A06648,A,0.8763928413391113
A06652,N,0.912639319896698
A06657,N,0.9233527183532715
A06659,N,0.9497950673103333
A06662,N,0.5987256169319153
A06664,N,0.7370729446411133
A06667,N,0.7891823053359985
A06668,N,0.8519106507301331
A06669,N,0.8645261526107788
A06671,A,0.691203773021698
A06673,N,0.7936042547225952
A06687,A,0.9603065252304077
A06688,O,0.8017890453338623
A06691,N,0.9001737833023071
A06692,O,0.572001576423645
A06696,N,0.8182895183563232
A06702,N,0.9336991310119629
A06703,~,0.39943599700927734
A06704,O,0.5411564111709595
A06707,O,0.5298148393630981
A06708,N,0.9327207803726196
A06709,N,0.940899670124054
A06711,N,0.9271992444992065
A06713,A,0.9327062368392944
A06716,N,0.9487401843070984
A06717,O,0.7847692370414734
A06719,N,0.944585919380188
A06720,N,0.9352341294288635
A06721,A,0.5889626741409302
A06722,N,0.851265549659729
A06727,O,0.9782146215438843
A06728,A,0.7631837129592896
A06736,A,0.9371640682220459
A06737,O,0.6158856749534607
A06738,~,0.9014838933944702
A06743,A,0.9098484516143799
A06744,N,0.9428269863128662
A06750,A,0.46133071184158325
A06751,N,0.9452951550483704
A06752,N,0.5692199468612671
A06760,O,0.9837453365325928
A06775,N,0.9373784065246582
A06777,N,0.8409826159477234
A06783,N,0.8842099905014038
A06784,N,0.7903423309326172
A06789,O,0.9521704316139221
A06790,N,0.9465643763542175
A06791,N,0.9316527843475342
A06805,N,0.9460053443908691
A06807,O,0.9792113304138184
A06808,O,0.9929296374320984
A06809,N,0.9754948616027832
A06814,N,0.9389649629592896
A06822,N,0.9441844820976257
A06828,N,0.9100494980812073
A06836,A,0.8332512974739075
A06837,O,0.9227133989334106
A06840,N,0.9406344294548035
A06845,O,0.9671078324317932
A06847,O,0.99138343334198
A06861,A,0.849872350692749
A06862,A,0.47759437561035156
A06867,N,0.8931923508644104
A06868,A,0.76866614818573
A06869,O,0.5679368376731873
A06874,A,0.47029390931129456
A06883,N,0.9083641767501831
A06885,A,0.7945554852485657
A06887,A,0.3629561960697174
A06888,N,0.8316528797149658
A06891,N,0.9645083546638489
A06892,N,0.9116785526275635
A06894,O,0.5696448087692261
A06899,O,0.9878438711166382
A06903,O,0.7198168635368347
A06909,N,0.9362598061561584
A06911,A,0.8274387717247009
A06912,O,0.5800739526748657
A06917,A,0.9395762085914612
A06929,N,0.897253692150116
A06933,N,0.9386934041976929
A06936,N,0.859595000743866
A06939,N,0.7009105682373047
A06944,O,0.6426223516464233
A06945,N,0.8679324388504028
A06952,N,0.9398469924926758
A06954,N,0.9221657514572144
A06958,N,0.8315926790237427
A06959,N,0.8909395337104797
A06969,N,0.7810962200164795
A06970,A,0.9895586967468262
A06971,O,0.9868748784065247
A06975,N,0.5249999165534973
A06978,N,0.9244778156280518
A06984,A,0.7360548377037048
A06987,O,0.965937614440918
A06989,~,0.5636258721351624
A06995,N,0.5716605186462402
A06997,O,0.706974446773529
A07013,O,0.7293936610221863
A07014,O,0.781236469745636
A07015,N,0.8712803721427917
A07020,N,0.9425740242004395
A07023,N,0.8683236241340637
A07024,N,0.9403935670852661
A07027,~,0.8731244802474976
A07030,O,0.5738052129745483
A07034,N,0.9051225781440735
A07038,N,0.6876052618026733
A07047,O,0.6170504093170166
A07050,N,0.9458181858062744
A07053,N,0.9538389444351196
A07057,N,0.9850062727928162
A07059,O,0.5516754984855652
A07062,O,0.7696887254714966
A07068,O,0.7663256525993347
A07069,O,0.7262697219848633
A07073,O,0.8985887169837952
A07075,N,0.7580095529556274
A07079,N,0.9096099734306335
A07081,~,0.5055142045021057
A07086,N,0.6583995223045349
A07087,O,0.9900761246681213
A07089,N,0.9117331504821777
A07090,N,0.8872914910316467
A07094,N,0.8779497742652893
A07097,N,0.9201148748397827
A07099,O,0.9986143112182617
A07103,N,0.9258334040641785
A07106,N,0.9384692907333374
A07111,N,0.934325098991394
A07112,N,0.9359824657440186
A07113,N,0.8264208436012268
A07115,N,0.9460120797157288
A07116,N,0.741486668586731
A07117,N,0.9667134881019592
A07119,O,0.9692587852478027
A07120,N,0.9498334527015686
A07122,A,0.7308196425437927
A07125,N,0.862874448299408
A07134,N,0.9403101205825806
A07138,~,0.7524966597557068
A07139,~,0.48501870036125183
A07141,O,0.5284453630447388
A07147,N,0.9453124403953552
A07152,N,0.7871147990226746
A07154,~,0.9155325293540955
A07159,O,0.960198700428009
A07164,N,0.8199968338012695
A07169,N,0.9420207142829895
A07171,O,0.7490586042404175
A07174,N,0.9329155683517456
A07175,N,0.6686995625495911
A07178,N,0.8902114629745483
A07179,O,0.9814944267272949
A07180,~,0.9116334915161133
A07182,N,0.9300051331520081
A07189,O,0.7206461429595947
A07190,N,0.9157603979110718
A07192,N,0.8833897113800049
A07193,N,0.7779293060302734
A07195,O,0.8943973183631897
A07196,A,0.9434027671813965
A07197,N,0.9294688701629639
A07201,N,0.829167902469635
A07211,N,0.7921779155731201
A07218,A,0.853962242603302
A07219,O,0.5491119027137756
A07222,N,0.8940585255622864
A07224,A,0.9089648127555847
A07237,N,0.7886536121368408
A07243,O,0.9958605170249939
A07244,N,0.970364511013031
A07248,N,0.9250019788742065
A07250,~,0.5281006097793579
A07255,O,0.5245646834373474
A07258,O,0.6472691297531128
A07260,N,0.9499223828315735
A07263,N,0.7010642886161804
A07265,O,0.8051252961158752
A07269,N,0.8546884059906006
A07270,A,0.9337170124053955
A07277,N,0.6367279291152954
A07285,A,0.9566047787666321
A07290,O,0.9529440999031067
A07296,N,0.9189707040786743
A07297,A,0.5951392650604248
A07303,N,0.9460336565971375
A07304,A,0.965526282787323
A07307,O,0.5640072226524353
A07309,N,0.9322117567062378
A07311,N,0.8161150813102722
A07312,~,0.5225077867507935
A07314,N,0.9370598196983337
A07324,A,0.6423531770706177
A07326,N,0.8893415927886963
A07332,N,0.9381548166275024
A07333,N,0.950416088104248
A07337,N,0.9478710889816284
A07339,N,0.9180802702903748
A07340,N,0.987215518951416
A07341,N,0.7247758507728577
A07343,O,0.4874008893966675
A07344,N,0.7431875467300415
A07346,N,0.9293913245201111
A07349,N,0.893312931060791
A07351,N,0.9824348092079163
A07353,N,0.8147537112236023
A07357,N,0.948293924331665
A07358,A,0.5104106068611145
A07359,N,0.7131731510162354
A07362,N,0.8944451808929443
A07366,A,0.8663167357444763
A07369,O,0.3750244975090027
A07370,N,0.8587456345558167
A07372,N,0.8791921734809875
A07377,N,0.8490320444107056
A07379,N,0.9217109084129333
A07385,N,0.591907262802124
A07387,O,0.9678525328636169
A07391,O,0.7262841463088989
A07392,N,0.7812802195549011
A07393,O,0.8343362808227539
A07401,N,0.9512585401535034
A07405,O,0.9791606068611145
A07409,O,0.9967175126075745
A07410,N,0.9443667531013489
A07411,N,0.9532337784767151
A07413,O,0.6352171897888184
A07417,O,0.8815688490867615
A07420,O,0.5024871826171875
A07423,A,0.90081787109375
A07424,N,0.8443613052368164
A07430,O,0.9972549080848694
A07431,N,0.8472345471382141
A07432,A,0.48723742365837097
A07433,N,0.9613848924636841
A07442,N,0.7508987188339233
A07444,O,0.7762058973312378
A07448,N,0.7455659508705139
A07449,N,0.934420645236969
A07452,N,0.884145975112915
A07454,N,0.8855334520339966
A07459,N,0.9312641620635986
A07460,A,0.7905253767967224
A07462,O,0.6801828742027283
A07466,N,0.9448261857032776
A07469,N,0.8309712409973145
A07470,N,0.9084046483039856
A07472,N,0.7522251605987549
A07473,A,0.9060457348823547
A07482,N,0.9069044589996338
A07484,O,0.972705602645874
A07487,N,0.8565540313720703
A07488,N,0.9214221835136414
A07491,N,0.9312883615493774
A07492,O,0.9276374578475952
A07493,N,0.738364040851593
A07498,A,0.9658825397491455
A07499,~,0.4319811761379242
A07502,N,0.947798490524292
A07504,N,0.8975861668586731
A07505,N,0.9030480980873108
A07506,O,0.7880272269248962
A07507,N,0.942039966583252
A07508,N,0.9168268442153931
A07510,O,0.9085093140602112
A07515,N,0.678421139717102
A07518,~,0.9065279364585876
A07519,N,0.6551141142845154
A07526,O,0.8777537941932678
A07528,N,0.8672979474067688
A07531,O,0.7408900856971741
A07533,O,0.9954200983047485
A07536,N,0.6709970831871033
A07537,O,0.5675867199897766
A07540,O,0.7736428380012512
A07544,N,0.7910788655281067
A07547,O,0.5562011003494263
A07550,N,0.7249883413314819
A07551,O,0.5559154152870178
A07555,N,0.9260494709014893
A07556,O,0.8809706568717957
A07558,N,0.9739770293235779
A07560,O,0.5317447185516357
A07565,O,0.8590271472930908
A07567,A,0.5027626156806946
A07574,O,0.9938129186630249
A07575,N,0.623747706413269
A07578,N,0.9474040269851685
A07580,O,0.9728925228118896
A07589,O,0.7999767065048218
A07590,N,0.8837218880653381
A07598,N,0.8808565139770508
A07605,O,0.9942060708999634
A07606,N,0.7481114268302917
A07607,A,0.8974207043647766
A07609,A,0.9066073894500732
A07610,O,0.8041226863861084
A07613,N,0.9353416562080383
A07617,O,0.9620170593261719
A07623,N,0.9396352767944336
A07628,O,0.9699955582618713
A07633,O,0.991603672504425
A07637,O,0.5314529538154602
A07640,N,0.9218037724494934
A07642,N,0.9561615586280823
A07644,N,0.9173867106437683
A07646,O,0.5324695706367493
A07650,N,0.9293943047523499
A07653,N,0.944703996181488
A07660,N,0.8884830474853516
A07668,N,0.9284786581993103
A07669,N,0.893543541431427
A07671,N,0.9250720739364624
A07674,O,0.9470187425613403
A07679,O,0.9452189207077026
A07684,O,0.6271796226501465
A07685,N,0.7981667518615723
A07687,N,0.9033653140068054
A07691,O,0.7189551591873169
A07692,N,0.9493206143379211
A07698,O,0.562564492225647
A07701,O,0.6881425976753235
A07708,N,0.9511255621910095
A07711,O,0.9376424551010132
A07716,N,0.9037595987319946
A07717,N,0.5988699793815613
A07722,A,0.5896561145782471
A07724,~,0.8753980994224548
A07725,N,0.927855908870697
A07732,A,0.9308316111564636
A07738,N,0.6099487543106079
A07741,O,0.7188438177108765
A07743,N,0.7954724431037903
A07744,A,0.7535611987113953
A07745,N,0.9460487961769104
A07752,O,0.8129170536994934
A07766,A,0.9185935258865356
A07767,N,0.9180179834365845
A07768,O,0.939025342464447
A07775,N,0.8996599912643433
A07782,A,0.6874186992645264
A07783,N,0.9171163439750671
A07785,O,0.990929901599884
A07791,N,0.9248107671737671
A07792,N,0.8559094667434692
A07794,~,0.938835859298706
A07796,O,0.9314464926719666
A07797,A,0.9071104526519775
A07798,N,0.5909122228622437
A07800,N,0.9310018420219421
A07802,O,0.6849342584609985
A07803,N,0.6128039360046387
A07812,N,0.6298439502716064
A07818,~,0.8418278098106384
A07819,N,0.9166467189788818
A07826,O,0.5656718015670776
A07827,N,0.6293433308601379
A07828,O,0.5157065391540527
A07833,O,0.9122732281684875
A07834,N,0.9311202168464661
A07836,A,0.8133984804153442
A07837,N,0.6524736285209656
A07839,N,0.9187245965003967
A07840,O,0.9975257515907288
A07843,N,0.5107272863388062
A07845,A,0.7828414440155029
A07852,N,0.8616724610328674
A07854,N,0.9178643226623535
A07858,N,0.8482040166854858
A07860,A,0.666142463684082
A07861,N,0.6930117011070251
A07863,N,0.9304108023643494
A07865,O,0.8959307074546814
A07872,N,0.9665593504905701
A07875,N,0.9052726626396179
A07876,N,0.7381258606910706
A07884,N,0.7881685495376587
A07896,A,0.9320281744003296
A07898,A,0.9319007396697998
A07899,O,0.9843907952308655
A07908,N,0.5122026801109314
A07912,N,0.5820655226707458
A07914,N,0.5017209649085999
A07923,A,0.7517511248588562
A07924,A,0.8410471677780151
A07926,N,0.945509135723114
A07927,A,0.6902979016304016
A07935,N,0.6085531115531921
A07939,O,0.5969707369804382
A07946,N,0.6654369235038757
A07947,A,0.44664445519447327
A07948,O,0.6099085807800293
A07957,A,0.7632737755775452
A07958,N,0.9486411809921265
A07960,N,0.8632280230522156
A07963,N,0.9432199001312256
A07964,N,0.9171953201293945
A07966,O,0.9372268915176392
A07972,N,0.9207839369773865
A07974,N,0.9491745233535767
A07977,N,0.5416922569274902
A07981,N,0.9389941096305847
A07982,A,0.5816233158111572
A07985,N,0.9322888255119324
A07986,N,0.8294482231140137
A07987,N,0.7728813290596008
A07988,O,0.840613067150116
A07989,N,0.6554979681968689
A07990,O,0.5121065378189087
A07995,O,0.4897151589393616
A07996,N,0.7444379925727844
A07998,O,0.8365089297294617
A07999,N,0.8207190632820129
A08000,N,0.921649158000946
A08004,N,0.5847949981689453
A08005,O,0.6981614828109741
A08006,N,0.6369068622589111
A08007,A,0.7406091094017029
A08008,O,0.8345873951911926
A08009,N,0.5434095859527588
A08019,O,0.4510861337184906
A08021,~,0.9456819295883179
A08023,A,0.9291455745697021
A08026,N,0.5479303598403931
A08031,O,0.8568485379219055
A08033,N,0.7435385584831238
A08035,A,0.7565039396286011
A08040,O,0.9416707158088684
A08041,A,0.8834508657455444
A08042,N,0.7418186664581299
A08046,~,0.9337712526321411
A08047,A,0.5471298694610596
A08049,N,0.8354572057723999
A08053,A,0.7230578660964966
A08055,N,0.935619056224823
A08057,N,0.9198633432388306
A08060,O,0.9737573266029358
A08061,A,0.8184705972671509
A08065,O,0.5146969556808472
A08066,N,0.9867643117904663
A08071,O,0.9996044039726257
A08073,N,0.9488309621810913
A08076,O,0.9806164503097534
A08077,N,0.7966963052749634
A08085,A,0.9120892286300659
A08086,A,0.47869765758514404
A08088,N,0.8992329835891724
A08092,O,0.6060125827789307
A08094,N,0.9374021291732788
A08098,N,0.8429583311080933
A08101,O,0.8988012075424194
A08102,N,0.7286096215248108
A08107,N,0.9098686575889587
A08110,O,0.634763777256012
A08113,~,0.6962183117866516
A08116,N,0.5326871871948242
A08117,N,0.9433717727661133
A08118,O,0.9905912280082703
A08120,N,0.8716456890106201
A08122,N,0.7482438087463379
A08124,N,0.45167917013168335
A08127,N,0.9471455812454224
A08128,O,0.8149824738502502
A08130,N,0.9428861141204834
A08134,O,0.8745307922363281
A08142,O,0.8613507747650146
A08143,N,0.6808441877365112
A08149,O,0.9768283367156982
A08155,N,0.8894167542457581
A08160,~,0.8332445025444031
A08164,O,0.9389389157295227
A08165,N,0.9444230198860168
A08167,O,0.6457476615905762
A08176,O,0.8481742739677429
A08180,N,0.7838665843009949
A08187,N,0.9356817603111267
A08192,N,0.5026024580001831
A08195,A,0.4767763018608093
A08198,N,0.9407758116722107
A08209,O,0.8909452557563782
A08217,O,0.6331355571746826
A08224,N,0.9330286979675293
A08226,N,0.8637202382087708
A08227,A,0.8255956172943115
A08229,O,0.7142951488494873
A08233,N,0.9225637316703796
A08234,N,0.47567346692085266
A08237,O,0.49698400497436523
A08238,N,0.8887705206871033
A08241,O,0.9704548716545105
A08243,N,0.8056366443634033
A08246,N,0.49284207820892334
A08251,O,0.3555527329444885
A08252,N,0.9361830353736877
A08255,N,0.8968533277511597
A08263,N,0.9233903288841248
A08269,O,0.6374949812889099
A08271,N,0.9265411496162415
A08274,N,0.6318000555038452
A08275,N,0.9347939491271973
A08276,O,0.7718575596809387
A08284,O,0.6594403982162476
A08290,A,0.9577151536941528
A08293,O,0.862378716468811
A08294,A,0.9380743503570557
A08299,O,0.9232282638549805
A08305,A,0.9484270811080933
A08309,O,0.7897440791130066
A08312,O,0.9965360164642334
A08314,O,0.6375981569290161
A08317,A,0.40252670645713806
A08321,N,0.9297587871551514
A08323,O,0.7943584322929382
A08325,N,0.9220793843269348
A08329,O,0.6603974103927612
A08335,N,0.7142279744148254
A08341,N,0.8696199655532837
A08343,O,0.5747261047363281
A08344,N,0.9444612860679626
A08347,N,0.9421148896217346
A08348,O,0.9866819381713867
A08351,N,0.9169140458106995
A08352,N,0.9027823209762573
A08359,O,0.57240891456604
A08362,N,0.8393309116363525
A08366,N,0.923463761806488
A08368,N,0.9324356317520142
A08369,N,0.9636583924293518
A08383,A,0.5429369807243347
A08387,N,0.9443163871765137
A08396,A,0.6690571904182434
A08399,O,0.8884217739105225
A08400,O,0.8337594270706177
A08407,O,0.5913973450660706
A08408,~,0.9090140461921692
A08409,A,0.5453854203224182
A08414,A,0.9265041947364807
A08417,N,0.9493803381919861
A08421,N,0.9511933326721191
A08425,N,0.9031466841697693
A08429,N,0.9729644060134888
A08433,O,0.9189031720161438
A08434,N,0.8269453644752502
A08435,N,0.9434552788734436
A08437,O,0.7329713106155396
A08439,O,0.5136311054229736
A08443,A,0.61213219165802
A08444,N,0.905591607093811
A08446,N,0.929192841053009
A08456,~,0.7750604152679443
A08457,N,0.9425908327102661
A08471,A,0.6929389834403992
A08472,N,0.8622977137565613
A08474,N,0.9372390508651733
A08478,N,0.5743557214736938
A08479,O,0.9954824447631836
A08480,N,0.9193387031555176
A08482,N,0.8212652206420898
A08488,N,0.9631183743476868
A08491,~,0.6756699085235596
A08495,O,0.5693177580833435
A08496,N,0.9263103604316711
A08500,A,0.9416718482971191
A08503,N,0.9407651424407959
A08509,N,0.88950115442276
A08510,O,0.8871593475341797
A08518,N,0.9242221713066101
A08519,N,0.7880555391311646
A08522,N,0.9298142790794373
A08524,O,0.6774405241012573
A08525,O,0.920341968536377
A08526,N,0.8745264410972595
A08527,N,0.8406884670257568
